name,compressed_bit_size,original_bit_theory,avg_bit_per_entry,time_quantlization,time_val2index,time_encoding,time_used
R_0_E_0_S_7_B_65.pt,186856666,235053056,12.71928434744537,0.5634355545043945,1.5664258003234863,6.607935428619385,8.737796783447266
R_0_E_0_S_52_B_35.pt,180040010,235053056,12.255276357691772,0.8418278694152832,1.5523507595062256,11.720537185668945,14.114715814590454
R_0_E_0_S_20_B_10.pt,170384528,235053056,11.59803022514202,0.5797791481018066,2.4268105030059814,13.412802457809448,16.419392108917236
R_1_E_0_S_37_B_125.pt,145592470,235053056,9.910441326063848,0.5786559581756592,1.7132823467254639,15.23896837234497,17.530906677246094
R_0_E_0_S_2_B_135.pt,137302314,235053056,9.346132576978706,0.7111639976501465,1.313403606414795,16.641899824142456,18.666467428207397
R_1_E_0_S_42_B_135.pt,85781618,235053056,5.839132285095668,1.8474063873291016,3.603133201599121,14.599757194519043,20.050296783447266
